<?xml version="1.0" encoding="UTF-8"?>
<beans xmlns="http://www.springframework.org/schema/beans"
  xmlns:xsi="http://www.w3.org/2001/XMLSchema-instance"
  xmlns:context="http://www.springframework.org/schema/context"
  xsi:schemaLocation="http://www.springframework.org/schema/beans
    http://www.springframework.org/schema/beans/spring-beans.xsd
    http://www.springframework.org/schema/context
    http://www.springframework.org/schema/context/spring-context.xsd">
  
  <bean id="std" class="springfirstapplication.Student">
  
  <property name="stdid" value="420"></property>
  <property name="stdname" value="shiva"></property>
  <property name="stdaddress" value="hyd"></property>
  <property name="stdmob" value="89898989"></property>
  </bean>
  
  <bean id="std1" class="springfirstapplication.Student">
  
  <property name="stdid" value="789"></property>
  <property name="stdname" value="kumar"></property>
  <property name="stdaddress" value="sec"></property>
  <property name="stdmob" value="99999999"></property>
  </bean>
  
</beans>