<?xml version="1.0" encoding="UTF-8"?>
<beans xmlns="http://www.springframework.org/schema/beans"
  xmlns:xsi="http://www.w3.org/2001/XMLSchema-instance"
  xmlns:context="http://www.springframework.org/schema/context"
  xsi:schemaLocation="http://www.springframework.org/schema/beans
    http://www.springframework.org/schema/beans/spring-beans.xsd
    http://www.springframework.org/schema/context
    http://www.springframework.org/schema/context/spring-context.xsd">
  
  <bean id="std" class="com.src.model.Student">
  <constructor-arg value="345"></constructor-arg>
  <constructor-arg value="shiva"></constructor-arg>
  <constructor-arg ref="stdadd"></constructor-arg>
  
  </bean>
  
  <bean id="stdadd" class="com.src.model.Address">
  <constructor-arg value="345"></constructor-arg>
  <constructor-arg value="maxwell street"></constructor-arg>
  <constructor-arg value="jhonson city"></constructor-arg>
  <constructor-arg value="London"></constructor-arg>
  <constructor-arg value="5656565"></constructor-arg>
  </bean>
  
  
  <bean id="std1" class="com.src.model.Student">
  <property name="stdid" value="420"></property>
  <property name="stdname" value="kumar"></property>
  <property name="stdadd" ref="stdadd1"></property>
  
  </bean>
  
  <bean id="stdadd1" class="com.src.model.Address">
 <property name="hno" value="786"></property>
 <property name="streetname" value="sai ram street"></property>
  <property name="city" value="bangalore"></property>
 <property name="state" value="karnataka"></property>
  <property name="pincode" value="9090909"></property>
 
  </bean>
  
  
  
</beans>