<?xml version="1.0" encoding="UTF-8"?>
<beans xmlns="http://www.springframework.org/schema/beans"
  xmlns:xsi="http://www.w3.org/2001/XMLSchema-instance"
  xmlns:context="http://www.springframework.org/schema/context"
  xsi:schemaLocation="http://www.springframework.org/schema/beans
    http://www.springframework.org/schema/beans/spring-beans.xsd
    http://www.springframework.org/schema/context
    http://www.springframework.org/schema/context/spring-context.xsd">
  
  <bean id="std" class="com.src.model.Student">
  <constructor-arg value="765"></constructor-arg>
   <constructor-arg value="shiva"></constructor-arg>
   <constructor-arg>
   <list>
   		<ref bean="add1"/>
   		<ref bean="add2"/>
   </list>
   </constructor-arg>
  
  </bean>
  
  <bean id="add1" class="com.src.model.Address">
  		<constructor-arg value="56"></constructor-arg>
  			<constructor-arg value="jhonson street"></constructor-arg>
  			<constructor-arg value="bangalore"></constructor-arg>
  			<constructor-arg value="karnataka"></constructor-arg>
  			<constructor-arg value="600908"></constructor-arg>
  </bean>
  
   <bean id="add2" class="com.src.model.Address">
  		<constructor-arg value="78"></constructor-arg>
  			<constructor-arg value="some street"></constructor-arg>
  			<constructor-arg value="bhagal pur"></constructor-arg>
  			<constructor-arg value="bihar"></constructor-arg>
  			<constructor-arg value="6088988"></constructor-arg>
  </bean>
  
  
  
  <bean id="std1" class="com.src.model.Student">
  
  <property name="stdid" value="789"></property>
  <property name="stdname" value="kumar"></property>
  <property name="stdaddress">
  <list>
  <ref bean="add3"/>
   <ref bean="add4"/>
  </list>
  </property>
 
  </bean>
  
  <bean id="add3" class="com.src.model.Address">
  		<property name="hno" value="980"></property>
  		<property name="streetname" value="market street"></property>
  		<property name="city" value="hyderabad"></property>
  		<property name="state" value="telagana"></property>
  		<property name="pin" value="500060"></property>
  </bean>
  
   <bean id="add4" class="com.src.model.Address">
  		<property name="hno" value="386"></property>
  		<property name="streetname" value="howards street"></property>
  		<property name="city" value="Dallas"></property>
  		<property name="state" value="USA"></property>
  		<property name="pin" value="12344"></property>
  </bean>
  
  
</beans>

  
  
  
  
  
  
  