<?xml version="1.0" encoding="UTF-8"?>
<beans xmlns="http://www.springframework.org/schema/beans"
  xmlns:xsi="http://www.w3.org/2001/XMLSchema-instance"
  xmlns:context="http://www.springframework.org/schema/context"
  xsi:schemaLocation="http://www.springframework.org/schema/beans
    http://www.springframework.org/schema/beans/spring-beans.xsd
    http://www.springframework.org/schema/context
    http://www.springframework.org/schema/context/spring-context.xsd">
  
  <bean id="sdao" class="com.src.dao.StudentDAOClass">
  <property name="jdbctemplate" ref="jdbct"></property>  
  </bean>
  <bean id="jdbct" class="org.springframework.jdbc.core.JdbcTemplate">
  <property name="dataSource" ref="ds"></property>  
  </bean>
  
  <bean id="ds" class="org.springframework.jdbc.datasource.DriverManagerDataSource">
  <property name="driverClassName" value="com.mysql.cj.jdbc.Driver"></property>
  <property name="url" value="jdbc:mysql://localhost/shivadb"></property>
  <property name="username" value="root"></property>
  <property name="password" value="root"></property>
  </bean>
  
  
  
</beans>

  
  
  
  
  
  
  