<?xml version="1.0" encoding="UTF-8"?>
<beans xmlns="http://www.springframework.org/schema/beans"
  xmlns:xsi="http://www.w3.org/2001/XMLSchema-instance"
  xmlns:context="http://www.springframework.org/schema/context"
  xsi:schemaLocation="http://www.springframework.org/schema/beans
    http://www.springframework.org/schema/beans/spring-beans.xsd
    http://www.springframework.org/schema/context
    http://www.springframework.org/schema/context/spring-context.xsd">
  
  <bean id="user1" class="com.src.bean.User">
  <constructor-arg value="666"></constructor-arg>
  <constructor-arg value="habeeb"></constructor-arg>
  </bean>
  
   <bean id="user2" class="com.src.bean.User">
  <constructor-arg value="999"></constructor-arg>
  <constructor-arg value="asif"></constructor-arg>
  </bean>
  
  <bean id="ans1" class="com.src.bean.Answer">
  <constructor-arg value="1"></constructor-arg>
  <constructor-arg value="it is programming languge"></constructor-arg>
  </bean>
  <bean id="ans2" class="com.src.bean.Answer">
    <constructor-arg value="2"></constructor-arg>
  <constructor-arg value="it is OOPs lanague"></constructor-arg>
   </bean>
  
  <bean id="que1" class="com.src.bean.Question">
  
  <constructor-arg value="123"></constructor-arg>
  <constructor-arg value="what is java?"></constructor-arg>
  <constructor-arg>
  <map>
  <entry key-ref="user1" value-ref="ans1"></entry>
  <entry key-ref="user2" value-ref="ans2"></entry>
  </map>
  </constructor-arg>
  </bean>
  
  
  <!-- setter methods  -->
  
  <bean id="user3" class="com.src.bean.User">
 
<property name="userid" value="768"></property>
<property name="username" value="ashok"></property>
  </bean>
  
   <bean id="user4" class="com.src.bean.User">
 
<property name="userid" value="909"></property>
<property name="username" value="shuru"></property>
  </bean>
  
  <bean id="ans3" class="com.src.bean.Answer">
  <property name="ansid" value="987"></property>
  <property name="ansvalue" value="servlet is light weight server side element"></property>
  </bean>
  <bean id="ans4" class="com.src.bean.Answer">
  <property name="ansid" value="222"></property>
  <property name="ansvalue" value="servlet is interface"></property>
  </bean>
  
  <bean id="que2" class="com.src.bean.Question">
  
 <property name="qid" value="767"></property>
 <property name="qvalue" value="what is servle?"></property>
 <property name="qanswer">
 
 <map>
 <entry key-ref="user3" value-ref="ans3"></entry>
 <entry key-ref="user4" value-ref="ans4"></entry>
 </map>
 </property>
  </bean>
  
</beans>

  
  
  
  
  
  
  