<?xml version="1.0" encoding="UTF-8"?>
<beans xmlns="http://www.springframework.org/schema/beans"
  xmlns:xsi="http://www.w3.org/2001/XMLSchema-instance"
  xmlns:context="http://www.springframework.org/schema/context"
  xsi:schemaLocation="http://www.springframework.org/schema/beans
    http://www.springframework.org/schema/beans/spring-beans.xsd
    http://www.springframework.org/schema/context
    http://www.springframework.org/schema/context/spring-context.xsd">
  
  <bean id="ds" class="com.src.bean.DataSource">
  <property name="driver_class" value="com.mysql.cj.jdbc.Driver"></property>
  <property name="url" value="jdbc:mysql://localhost/shivadb"></property>
  <property name="username" value="root"></property>
  <property name="password" value="root"></property>
  </bean>
  
  <bean id="db"  autowire="byName" class="com.src.bean.DataBase"></bean>
  
  <bean id="std" class="com.src.bean.Student">
  <property name="stdid" value="666"></property>
  <property name="stdname" value="umar"></property>
  <property name="stdpwd" value="umar"></property>
  <property name="stdage" value="32"></property>
  <property name="stdaddress" value="Secbad"></property>
  <property name="stdmob" value="786786786"></property>
  </bean>
  
  
</beans>

  
  
  
  
  
  
  