<beans xmlns="http://www.springframework.org/schema/beans"
    xmlns:context="http://www.springframework.org/schema/context"
    xmlns:xsi="http://www.w3.org/2001/XMLSchema-instance" xmlns:p="http://www.springframework.org/schema/p"
    xmlns:tx="http://www.springframework.org/schema/tx" xmlns:mvc="http://www.springframework.org/schema/mvc"
    xsi:schemaLocation="
         http://www.springframework.org/schema/beans
         http://www.springframework.org/schema/beans/spring-beans-4.0.xsd
         http://www.springframework.org/schema/context
         http://www.springframework.org/schema/context/spring-context-4.0.xsd
         http://www.springframework.org/schema/tx
         http://www.springframework.org/schema/tx/spring-tx-4.0.xsd
         http://www.springframework.org/schema/aop
         http://www.springframework.org/schema/aop/spring-aop-4.0.xsd 
         http://www.springframework.org/schema/mvc
         http://www.springframework.org/schema/mvc/spring-mvc.xsd">
 
<context:component-scan base-package="com.src.controller" />

<bean class="org.springframework.web.servlet.view.InternalResourceViewResolver">
        <property name="prefix">
            <value>/WEB-INF/jsp/</value>
        </property>
        <property name="suffix">
            <value>.jsp</value>
        </property>
</bean>

<bean id="sdao" class="com.src.dao.StudentDAOClass">
  <property name="jdbctemplate" ref="jdbct"></property>  
  </bean>
  <bean id="jdbct" class="org.springframework.jdbc.core.JdbcTemplate">
  <property name="dataSource" ref="ds"></property>  
  </bean>
  
  <bean id="ds" class="org.springframework.jdbc.datasource.DriverManagerDataSource">
  <property name="driverClassName" value="com.mysql.cj.jdbc.Driver"></property>
  <property name="url" value="jdbc:mysql://localhost/shivadb"></property>
  <property name="username" value="root"></property>
  <property name="password" value="root"></property>
  </bean>

 
<mvc:annotation-driven/>
 

</beans>